t_u,U
0,0
0.02,-1.23606e-05
0.04,-3.8977160311463e-05
0.06,-6.94251767323302e-05
0.08,-0.000116585050434893
0.1,-0.000193352909771625
0.12,-0.000312554012093641
0.14,-0.000458186248455246
0.16,-0.000614246901941316
0.18,-0.000764742751390867
0.2,-0.000929037636419813
0.22,-0.00112646722792297
0.24,-0.00137632684904716
0.26,-0.00165357963128099
0.28,-0.00193319656894785
0.3,-0.00222778456707007
0.32,-0.00252933776139425
0.34,-0.00282981471432185
0.36,-0.00314561698581146
0.38,-0.00349311998001328
0.4,-0.00388866263314657
0.42,-0.00434853713476235
0.44,-0.00479175160051207
0.46,-0.00513736682488042
0.48,-0.00544048483855042
0.5,-0.00575617913550815
0.52,-0.00608863044145208
0.54,-0.00648173485139163
0.56,-0.0069793452810555
0.58,-0.00762516538372396
0.6,-0.00836157299155194
0.62,-0.00913098586472396
0.64,-0.00993155159060898
0.66,-0.0107613607296438
0.68,-0.0116185265187061
0.7,-0.0124484347552004
0.72,-0.0131965433218427
0.74,-0.0138084165487041
0.76,-0.014278980932119
0.78,-0.0145155999412345
0.8,-0.0145649921787568
0.82,-0.014473908287292
0.84,-0.0142482338639906
0.86,-0.0138939335641561
0.88,-0.0134170472560977
0.9,-0.0128236861323608
0.92,-0.0120613944526642
0.94,-0.0110778758366621
0.96,-0.00982102612047579
0.98,-0.00823896605885802
1,-0.00638479201540833
1.02,-0.00431167957768787
1.04,-0.00207288912616668
1.06,0.000331999667699174
1.08,0.00290334106630617
1.1,0.00556549263544654
1.12,0.00824283061492555
1.14,0.0108597976439012
1.16,0.0133409503963486
1.18,0.0156110070966663
1.2,0.0175948948855448
1.22,0.0192177970063461
1.24,0.02064950294222
1.26,0.0220597130600709
1.28,0.0236180100024955
1.3,0.0254937125219332
1.32,0.0278557296282882
1.34,0.0308725328026475
1.36,0.0343730691449755
1.38,0.0381861914514497
1.4,0.0423205129303566
1.42,0.0467844745706475
1.44,0.0515863007655875
1.46,0.0567164236500167
1.48,0.0621650777066523
1.5,0.067940739664321
1.52,0.0740516320618104
1.54,0.0806156527729976
1.56,0.0874222958810183
1.58,0.0942610745894541
1.6,0.100921732531865
1.62,0.107194337062659
1.64,0.112869372249854
1.66,0.117737949172154
1.68,0.121591897948024
1.7,0.124502637009325
1.72,0.126542147730143
1.74,0.12778288919633
1.76,0.128297712759088
1.78,0.128159894087607
1.8,0.127308168698119
1.82,0.125681745161372
1.84,0.123459312208177
1.86,0.120819755305088
1.88,0.117942004299362
1.9,0.11500499884984
1.92,0.11218753622552
1.94,0.109668158567234
1.96,0.107625001203399
1.98,0.106235759035875
2,0.105677535576787
2.02,0.106126692510421
2.04,0.107758817535462
2.06,0.110302718859124
2.08,0.113486901544954
2.1,0.117039778442613
2.12,0.120689763303063
2.14,0.124165481460493
2.16,0.127195940948674
2.18,0.129510703203767
2.2,0.130840053246227
2.22,0.130915169234878
2.24,0.129997765144158
2.26,0.128349957812376
2.28,0.126234022612192
2.3,0.123912266927372
2.32,0.121646864516179
2.34,0.119699690125558
2.36,0.118332154460275
2.38,0.117805078831144
2.4,0.118378452640441
2.42,0.118893025324365
2.44,0.118190748262736
2.46,0.116536808625328
2.48,0.114196688720464
2.5,0.111436076530135
2.52,0.108520658544311
2.54,0.10571595202464
2.56,0.102775391255266
2.58,0.0994527440405559
2.6,0.0955023060458378
2.62,0.0906789769487539
2.64,0.0850591188497794
2.66,0.0787195592191856
2.68,0.0717970390988427
2.7,0.0644285301773189
2.72,0.0567511480827848
2.74,0.0489020656721662
2.76,0.0410184263712944
2.78,0.0332372576207135
2.8,0.0254649260827097
2.82,0.0176079261437991
2.84,0.00957286037940344
2.86,0.00128614777357564
2.88,-0.00732555988104307
2.9,-0.0163352926894024
2.92,-0.0255568629811965
2.94,-0.0348041364274304
2.96,-0.0438911495003745
2.98,-0.0526321874873748
3,-0.0611917464382233
3.02,-0.0697343109111051
3.04,-0.0784241716983308
3.06,-0.0870955189153834
3.08,-0.0955827209725852
3.1,-0.103720389745068
3.12,-0.111343563184406
3.14,-0.11828776981691
3.16,-0.124706581080409
3.18,-0.13075374580516
3.2,-0.136583092968227
3.22,-0.142348395274689
3.24,-0.147768985907795
3.26,-0.152564697695445
3.28,-0.156456039488145
3.3,-0.159755147096944
3.32,-0.162774177376666
3.34,-0.16582518956906
3.36,-0.169219869945656
3.38,-0.173269413843922
3.4,-0.177687946026446
3.42,-0.182189645548484
3.44,-0.186488926152838
3.46,-0.190300616335311
3.48,-0.193883889008793
3.5,-0.197497840096835
3.52,-0.201401285813788
3.54,-0.205852599545517
3.56,-0.21061200062877
3.58,-0.215439754825954
3.6,-0.22009636485195
3.62,-0.224651071226039
3.64,-0.229173109229894
3.66,-0.233731704422304
3.68,-0.238395950503698
3.7,-0.242984265862218
3.72,-0.247315338498227
3.74,-0.251208201002149
3.76,-0.254777477109859
3.78,-0.258137879674952
3.8,-0.26134322905294
3.82,-0.264447389411265
3.84,-0.267504273899096
3.86,-0.270299857568597
3.88,-0.272620534714428
3.9,-0.274253174869173
3.92,-0.274985296103327
3.94,-0.274980379774754
3.96,-0.274402208293829
3.98,-0.273414722198709
4,-0.272181994935231
4.02,-0.270868089917388
4.04,-0.26934543257419
4.06,-0.267486708315296
4.08,-0.265376771411491
4.1,-0.263100588691808
4.12,-0.260743107347124
4.14,-0.258166155554595
4.16,-0.255231838886941
4.18,-0.251802627091627
4.2,-0.247741440552914
4.22,-0.242911736382542
4.24,-0.237177594085044
4.26,-0.23040380074405
4.28,-0.222779699135001
4.3,-0.214494978612211
4.32,-0.205739555002644
4.34,-0.19670345047741
4.36,-0.187576673476807
4.38,-0.178549137984993
4.4,-0.169810465284524
4.42,-0.161549903755761
4.44,-0.153578204658085
4.46,-0.14570612703924
4.48,-0.137744557202387
4.5,-0.129905655394406
4.52,-0.122401291237681
4.54,-0.115442910260921
4.56,-0.109241440052119
4.58,-0.104007079171945
4.6,-0.0993789022255063
4.62,-0.0949959637708489
4.64,-0.090497565437721
4.66,-0.0855234049610914
4.68,-0.0797138424756995
4.7,-0.073593642281281
4.72,-0.067687237509184
4.74,-0.0618095711368389
4.76,-0.055775753944195
4.78,-0.0494011810725796
4.8,-0.0425016482869102
4.82,-0.0348934678681574
4.84,-0.0263935840632626
4.86,-0.0168196880200671
4.88,-0.00662311222524303
4.9,0.00374487121451086
4.92,0.0138332961964432
4.94,0.0231918654665859
4.96,0.03195910710003
4.98,0.0402737833054376
5,0.0482747633637348
5.02,0.0561010142877339
5.04,0.0635048794121011
5.06,0.0702391783656944
5.08,0.0760574410877493
5.1,0.0811042653426769
5.12,0.0855246298605856
5.14,0.089463763203714
5.16,0.0930670126068986
5.18,0.0964798305357671
5.2,0.09956753225043
5.22,0.102195773600846
5.24,0.104230635501073
5.26,0.10579222797727
5.28,0.107000839161145
5.3,0.107976859168613
5.32,0.108840703990543
5.34,0.109712739443645
5.36,0.110340573294697
5.38,0.110472181868651
5.4,0.109856147230831
5.42,0.108762856803793
5.44,0.107462727632971
5.46,0.106226074852821
5.48,0.105322862688614
5.5,0.10463888153548
5.52,0.104059898138165
5.54,0.103471727734506
5.56,0.102760306095812
5.58,0.102064143957461
5.6,0.101521642464997
5.62,0.101270927465877
5.64,0.101449841022647
5.66,0.102195776232685
5.68,0.103645669378503
5.7,0.105608502988454
5.72,0.107893127687656
5.74,0.110308422230553
5.76,0.112663335694052
5.78,0.115021312357147
5.8,0.117445691595533
5.82,0.11999974643907
5.84,0.122639493871199
5.86,0.125320980189049
5.88,0.128034508812762
5.9,0.130770333455858
5.92,0.133322209917132
5.94,0.135717931046542
5.96,0.137938766654903
5.98,0.139966115784969
6,0.141886628690824
6.02,0.143786975229967
6.04,0.145753750905403
6.06,0.147873383049105
6.08,0.149992322819486
6.1,0.151957176098666
6.12,0.153614800180427
6.14,0.155078549061301
6.16,0.156461746019573
6.18,0.1578776905415
6.2,0.159214383934336
6.22,0.16036002929662
6.24,0.161376651661341
6.26,0.162326255975202
6.28,0.163270827193048
6.3,0.164272291164541
6.32,0.165392514817731
6.34,0.166478810636964
6.36,0.167378665947612
6.38,0.168154138668585
6.4,0.168867302890084
6.42,0.169481570649043
6.44,0.169960453183176
6.46,0.170312098892328
6.48,0.170544689097868
6.5,0.170666472064722
6.52,0.170701328180101
6.54,0.170673129495978
6.56,0.170523048303813
6.58,0.170192392954397
6.6,0.169622644775364
6.62,0.16875549484241
6.64,0.167663444912345
6.66,0.166419065879646
6.68,0.165094951890275
6.7,0.163763674486916
6.72,0.162276416742172
6.74,0.160645099146008
6.76,0.158881721160993
6.78,0.156998353567234
6.8,0.154985912595401
6.82,0.15283540509242
6.84,0.150617708169316
6.86,0.148403670138661
6.88,0.14626406581432
6.9,0.144269551902524
6.92,0.142490622512327
6.94,0.140997604033709
6.96,0.139660587449176
6.98,0.138349695784593
7,0.136935205293449
7.02,0.135287548761771
7.04,0.133486598155561
7.06,0.13161224196538
7.08,0.12974433475315
7.1,0.127726148448108
7.12,0.125401246557663
7.14,0.122852904822161
7.16,0.120164456372025
7.18,0.117419239058762
7.2,0.114700542835929
7.22,0.112091557223202
7.24,0.109495650757694
7.26,0.1068162808149
7.28,0.103957054470395
7.3,0.100975218963663
7.32,0.0978617983570311
7.34,0.0946079088064808
7.36,0.0912664575872676
7.38,0.0878903933144111
7.4,0.0845326332524336
7.42,0.0812460299382155
7.44,0.0779836399119185
7.46,0.0746985515959551
7.48,0.0713439148799833
7.5,0.0680464027408847
7.52,0.0649325248090753
7.54,0.0619394274445739
7.56,0.0590042831300285
7.58,0.056064251669254
7.6,0.0530565983139062
7.62,0.0500034098612158
7.64,0.0469267796635055
7.66,0.0438487936732453
7.68,0.0407915557270873
7.7,0.037814354403794
7.72,0.0349763681785844
7.74,0.0323366281721849
7.76,0.0298503610354324
7.78,0.0274727807347627
7.8,0.0253533749152928
7.82,0.0234410592421211
7.84,0.0216846307460926
7.86,0.0200328394896349
7.88,0.0184344601902369
7.9,0.0168382460955379
7.92,0.0151930005791736
7.94,0.0134476486330376
7.96,0.0115511905500664
7.98,0.00945281248716754
8,0.00725503435464494
8.02,0.00506033580530252
8.04,0.00297109157566391
8.06,0.000894189935443223
8.08,-0.00126339507888998
8.1,-0.00359454501952546
8.12,-0.00619193853282563
8.14,-0.00900923168078908
8.16,-0.0119999882611658
8.18,-0.015117709217073
8.2,-0.0183544155976189
8.22,-0.0217020613492574
8.24,-0.0251525384629865
8.26,-0.0287111347134971
8.28,-0.0323831035229382
8.3,-0.0361735822381806
8.32,-0.039990283475145
8.34,-0.0437409568049957
8.36,-0.047333525398719
8.38,-0.0507750575448507
8.4,-0.0540596886497632
8.42,-0.0571816982903704
8.44,-0.0601629678807954
8.46,-0.0630254457030648
8.48,-0.065791172203435
8.5,-0.0684821875442575
8.52,-0.0710704333846037
8.54,-0.0735279444589175
8.56,-0.07599629777338
8.58,-0.0786169604521231
8.6,-0.0815311220935902
8.62,-0.0848796843517019
8.64,-0.0888030938281377
8.66,-0.0931758501868277
8.68,-0.0978722562852647
8.7,-0.102766536949841
8.72,-0.107732918460818
8.74,-0.11264570795651
8.76,-0.117498916137552
8.78,-0.122286597338564
8.8,-0.12700281401774
8.82,-0.131401847670299
8.84,-0.135238466160315
8.86,-0.138267999615637
8.88,-0.140734865330116
8.9,-0.142883629459425
8.92,-0.144958813247454
8.94,-0.14720473869604
8.96,-0.149865374515571
8.98,-0.152757112762057
9,-0.155696384078019
9.02,-0.158808123434352
9.04,-0.162217031381204
9.06,-0.16538216262822
9.08,-0.167763269334681
9.1,-0.169496279485968
9.12,-0.170717432874236
9.14,-0.171563116331274
9.16,-0.172169816694945
9.18,-0.172524173827671
9.2,-0.172613000329906
9.22,-0.172572483659195
9.24,-0.172538756090478
9.26,-0.172647808826149
9.28,-0.173035367061195
9.3,-0.17383688300267
9.32,-0.174760184835174
9.34,-0.175513278210618
9.36,-0.175804608857412
9.38,-0.175343206987082
9.4,-0.174532481160285
9.42,-0.173775694352448
9.44,-0.172970787546542
9.46,-0.172015873875143
9.48,-0.170809224331869
9.5,-0.16924937105836
9.52,-0.167235210362618
9.54,-0.164904525520881
9.56,-0.162395161197635
9.58,-0.159844936357441
9.6,-0.157391557280505
9.62,-0.155172530736785
9.64,-0.153054771164023
9.66,-0.150905262791324
9.68,-0.148591143546851
9.7,-0.145979788784175
9.72,-0.142938894774599
9.74,-0.139545331493947
9.76,-0.13587607511173
9.78,-0.132008237727086
9.8,-0.128018940107881
9.82,-0.123985341433343
9.84,-0.119865203992227
9.86,-0.11578985847289
9.88,-0.111890475323199
9.9,-0.107915192109975
9.92,-0.103612447391109
9.94,-0.0990897303057244
9.96,-0.0944545608641325
9.98,-0.0898143828151314
10,-0.0851537363950358
10.02,-0.0805626144247019
10.04,-0.0761308754064064
10.06,-0.0717477320473959
10.08,-0.0673024776942417
10.1,-0.062684595365343
10.12,-0.0577837488932688
10.14,-0.0524899308429888
10.16,-0.046693453192791
10.18,-0.0405419091350364
10.2,-0.0341829285061645
10.22,-0.0277641629862173
10.24,-0.0214331536385867
10.26,-0.0153372378729802
10.28,-0.00939574365147264
10.3,-0.00352802172397163
10.32,0.00216126606827507
10.34,0.00756767570084881
10.36,0.0125870466867089
10.38,0.0171155675516977
10.4,0.0213796836269342
10.42,0.0256057404185621
10.44,0.0300199192482566
10.46,0.0345332341676102
10.48,0.0390566868331035
10.5,0.0435014011471083
10.52,0.0477786008052818
10.54,0.0518925781009932
10.56,0.0558477240630676
10.58,0.0596485255843553
10.6,0.0632309269926296
10.62,0.0665310748632423
10.64,0.0694853581289554
10.66,0.0720304479964613
10.68,0.0743023021541135
10.7,0.0764369141832631
10.72,0.0785702276643679
10.74,0.0806251234697243
10.76,0.0825246486895742
10.78,0.0841919866077613
10.8,0.0857428805636703
10.82,0.0872930703329556
10.84,0.0889581406197083
10.86,0.0908535266799054
10.88,0.0928461379640059
10.9,0.0948029562705484
10.92,0.0965911196528127
10.94,0.0980780453628074
10.96,0.0993576574427121
10.98,0.100523916444234
11,0.101670760071118
11.02,0.102892043895726
11.04,0.104073693113214
11.06,0.105101772564431
11.08,0.10586251930684
11.1,0.106242492704834
11.12,0.106283801175554
11.14,0.106028724637227
11.16,0.105519687643944
11.18,0.104799193235843
11.2,0.10390987446706
11.22,0.102727506602879
11.24,0.101128135522717
11.26,0.0989881949253588
11.28,0.0963930005496852
11.3,0.0934280306073541
11.32,0.090178950094532
11.34,0.0867315173004163
11.36,0.0831714903507976
11.38,0.0795846515064893
11.4,0.0760566745409606
11.42,0.0726731492008648
11.44,0.0695194880341814
11.46,0.0666808334238496
11.48,0.0642420825462377
11.5,0.0622170806233061
11.52,0.0606194369703955
11.54,0.059462438200626
11.56,0.0587590793811012
11.58,0.058666465213657
11.6,0.0593411177344171
11.62,0.0605938964477358
11.64,0.0622354859145529
11.66,0.0640765154500824
11.68,0.0659276787361077
11.7,0.0675998532724528
11.72,0.0689042195923761
11.74,0.0698666405878268
11.76,0.0705131298261662
11.78,0.0708698741957186
11.8,0.0708389281133651
11.82,0.0703226499553288
11.84,0.0692238418371296
11.86,0.0676049272315898
11.88,0.0655285952507848
11.9,0.0630577608011508
11.92,0.060255524636076
11.94,0.0571038688992578
11.96,0.0535850144404401
11.98,0.0496814318002018
12,0.0455069262209915
12.02,0.0411753988572822
12.04,0.0368006963285743
12.06,0.0324966173391432
12.08,0.0283898620156776
12.1,0.0244273673503953
12.12,0.0205559933560421
12.14,0.0167226351330703
12.16,0.0129621098015328
12.18,0.00930915351495702
12.2,0.00589884276323522
12.22,0.00262644683461966
12.24,-0.000612746819515719
12.26,-0.00365423689327642
12.28,-0.00654748430676501
12.3,-0.00934203309293711
12.32,-0.011995782007045
12.34,-0.0145655961201307
12.36,-0.0171083755764121
12.38,-0.019680941194284
12.4,-0.0223400378932068
12.42,-0.0250390711527314
12.44,-0.0277314680573543
12.46,-0.0303707066780295
12.48,-0.0330062782108736
12.5,-0.0356876264381919
12.52,-0.0384641165604148
12.54,-0.0413850041089623
12.56,-0.0443617407566577
12.58,-0.0473058318904672
12.6,-0.0501288924274815
12.62,-0.0527427025056617
12.64,-0.0551779043786637
12.66,-0.0574652614929808
12.68,-0.0596355605034851
12.7,-0.0617196702539139
12.72,-0.0636668263504487
12.74,-0.0654264410918068
12.76,-0.0669480960093195
12.78,-0.0681952614076689
12.8,-0.0691316175922243
12.82,-0.0697211168082973
12.84,-0.069927927285618
12.86,-0.0697164948635321
12.88,-0.0692151137502385
12.9,-0.0685521715190488
12.92,-0.0678559895181329
12.94,-0.0672547811432903
12.96,-0.0667842464478988
12.98,-0.0664799278943006
13,-0.0662585074882355
13.02,-0.0660366986170495
13.04,-0.065731337820397
13.06,-0.0652593587301223
13.08,-0.0645378836358867
13.1,-0.0637836832806916
13.12,-0.063213370476268
13.14,-0.0626815740309705
13.16,-0.0620430445059772
13.18,-0.0611527065740599
13.2,-0.0601774340468365
13.22,-0.0592840259030214
13.24,-0.0586390226166239
13.26,-0.0584086404937615
13.28,-0.0584254515122272
13.3,-0.0585220398199981
13.32,-0.0585310681985989
13.34,-0.0585506696430302
13.36,-0.058678832648353
13.38,-0.0589077584818909
13.4,-0.0592295926318341
13.42,-0.0595863847375365
13.44,-0.0599202205968771
13.46,-0.0602293044816398
13.48,-0.060414513345618
13.5,-0.0603769019488217
13.52,-0.0600177651466411
13.54,-0.0592386999648408
13.56,-0.0579416674214096
13.58,-0.0562831622877605
13.6,-0.0544197110795003
13.62,-0.0525078124237852
13.64,-0.0507038775042024
13.66,-0.0491640529598419
13.68,-0.0480442010104809
13.7,-0.0471998445954354
13.72,-0.0464864778946166
13.74,-0.0457596575893482
13.76,-0.0450158163772389
13.78,-0.0442514405065589
13.8,-0.0432436736623978
13.82,-0.0423952084733022
13.84,-0.0417256777002882
13.86,-0.0412546206295914
13.88,-0.041001392390139
13.9,-0.0409852303595472
13.92,-0.0412251636965928
13.94,-0.0415449198353715
13.96,-0.0417683529343456
13.98,-0.0417195549564569
14,-0.0412229664874915
14.02,-0.0401034480027093
14.04,-0.0384659129934855
14.06,-0.0364154965768116
14.08,-0.0340574888968807
14.1,-0.0314972684957154
14.12,-0.0288402356949379
14.14,-0.0261917460307272
14.16,-0.0236570437839359
14.18,-0.0211436430679931
14.2,-0.0185591374781187
14.22,-0.0158112975713587
14.24,-0.0128080504760926
14.26,-0.00966944506757305
14.28,-0.0065155342724359
14.3,-0.00346622083016283
14.32,-0.000464690459110194
14.34,0.00254588342263795
14.36,0.00553868615898237
14.38,0.00848694125690071
14.4,0.0113639272531008
14.42,0.0141430337492698
14.44,0.0167451052568725
14.46,0.0190911775919695
14.48,0.0211025275360306
14.5,0.022962164719423
14.52,0.0248529714452439
14.54,0.0267775270250275
14.56,0.0287384260919784
14.58,0.0308860589841333
14.6,0.0331118108096046
14.62,0.0353071264938458
14.64,0.0373635792544191
14.66,0.0391729389259626
14.68,0.0406272400923727
14.7,0.0419856380955674
14.72,0.0435071276445239
14.74,0.0450809635923231
14.76,0.0465964398007551
14.78,0.0479430374346126
14.8,0.0492787220822915
14.82,0.0507612682771306
14.84,0.052548238521003
14.86,0.0545732107327338
14.88,0.0567696793128309
14.9,0.0590710972148725
14.92,0.0614109180007884
14.94,0.0637226378534998
14.96,0.065939837520436
14.98,0.0679962241615179
15,0.0699644344462106
15.02,0.0719171269476328
15.04,0.0739268578079066
15.06,0.0759099775167425
15.08,0.0777829374158756
15.1,0.0794623423451163
15.12,0.0808650031385931
15.14,0.0820913045537163
15.16,0.0832416418230928
15.18,0.084416396481027
15.2,0.0855445587945879
15.22,0.0865552590175218
15.24,0.0875504596901113
15.26,0.088631991465371
15.28,0.0899015673926461
15.3,0.0913005823938831
15.32,0.0927704085579592
15.34,0.0943739758431041
15.36,0.0961740273191886
15.38,0.0982331581840393
15.4,0.100423518787239
15.42,0.102617305092053
15.44,0.104686839317051
15.46,0.106504650417004
15.48,0.107943554352376
15.5,0.109126567317106
15.52,0.11017674345142
15.54,0.111217097115034
15.56,0.112190190389756
15.58,0.113038646314987
15.6,0.113705263491259
15.62,0.114132973576639
15.64,0.114264955622976
15.66,0.114176373420002
15.68,0.113942454482976
15.7,0.113638442494709
15.72,0.113339549785178
15.74,0.11298614897689
15.76,0.112518707019214
15.78,0.111877822679035
15.8,0.11100426391052
15.82,0.109990081621171
15.84,0.108927323006195
15.86,0.10783114089965
15.88,0.106814117201219
15.9,0.105988709932404
15.92,0.10519919014963
15.94,0.104289923509082
15.96,0.103105546869994
15.98,0.101491026888409
16,0.0995833211682843
16.02,0.097519395576768
16.04,0.0954362162047998
16.06,0.0934705844545095
16.08,0.091490391879584
16.1,0.0895277304249005
16.12,0.0876146487211523
16.14,0.0857831318948737
16.16,0.0839974656662393
16.18,0.0822219034738157
16.2,0.0804207675157084
16.22,0.0786102419823698
16.24,0.0768065007302928
16.26,0.0748976428483132
16.28,0.0727719462278682
16.3,0.0704666220208907
16.32,0.0680368418452751
16.34,0.0655378004559209
16.36,0.0630246808749757
16.38,0.0605526195645215
16.4,0.0580147311038553
16.42,0.0553042398100863
16.44,0.052427854444832
16.46,0.0493923425435512
16.48,0.0462046045244611
16.5,0.0428966525205374
16.52,0.039500542394395
16.54,0.0360443922074264
16.56,0.0325563296733991
16.58,0.029064513610967
16.6,0.0254714935594961
16.62,0.0219421292607253
16.64,0.0186411138366026
16.66,0.0157327915392165
16.68,0.0131252204208363
16.7,0.0107263610419726
16.72,0.00844409545698692
16.74,0.00618636389104489
16.76,0.00386118358215304
16.78,0.00145957923968447
16.8,-0.00102736715922877
16.82,-0.00360855001724354
16.84,-0.0062558105754377
16.86,-0.00888853912959323
16.88,-0.0114262161470887
16.9,-0.013943226258789
16.92,-0.0165138531810445
16.94,-0.019212272139293
16.96,-0.0221125423677682
16.98,-0.0252884820291169
17,-0.0286885483612606
17.02,-0.0322611481132742
17.04,-0.0359545917282921
17.06,-0.0396159377366293
17.08,-0.0434289678811924
17.1,-0.0473707278921881
17.12,-0.0514181660721215
17.14,-0.055548187167375
17.16,-0.0597812015100351
17.18,-0.0641375339003102
17.2,-0.0686373716403832
17.22,-0.0733008303681435
17.24,-0.0781073484337077
17.26,-0.083036294528931
17.28,-0.0880669415624296
17.3,-0.0931785582821822
17.32,-0.0983503831478386
17.34,-0.103479000326647
17.36,-0.108461164397469
17.38,-0.113193786921668
17.4,-0.117574079809524
17.42,-0.121499541471829
17.44,-0.125040590502321
17.46,-0.128267778211571
17.48,-0.131251822392531
17.5,-0.134063484065889
17.52,-0.136773601203137
17.54,-0.139452965486018
17.56,-0.142081012054707
17.58,-0.144637229111831
17.6,-0.14710117081902
17.62,-0.149452470138849
17.64,-0.151670851614129
17.66,-0.15374461565826
17.68,-0.155659498763397
17.7,-0.157401391281484
17.72,-0.158956267737036
17.74,-0.160370673277971
17.76,-0.161691194967959
17.78,-0.162964432332159
17.8,-0.164146643606625
17.82,-0.165194227667794
17.84,-0.16606367297761
17.86,-0.166798497117155
17.88,-0.167442298152506
17.9,-0.168038648588198
17.92,-0.168631146324539
17.94,-0.169156433387907
17.96,-0.169551257899668
17.98,-0.169752513902847
18,-0.169841650928437
18.02,-0.16990006823118
18.04,-0.170009102669984
18.06,-0.170121530983838
18.08,-0.170190175219204
18.1,-0.170167932469687
18.12,-0.170045965876477
18.14,-0.169815549639752
18.16,-0.169468035195722
18.18,-0.168994817378897
18.2,-0.168387418251818
18.22,-0.167637413889078
18.24,-0.166736518081968
18.26,-0.165676508990914
18.28,-0.164444331735838
18.3,-0.163027053250458
18.32,-0.161411870325012
18.34,-0.159586078338638
18.36,-0.157537157621787
18.38,-0.155252741954227
18.4,-0.152707683523825
18.42,-0.149877024340592
18.44,-0.14681500145833
18.46,-0.143575943501741
18.48,-0.140214236274729
18.5,-0.136784288367158
18.52,-0.133340536002066
18.54,-0.129844064360232
18.56,-0.126256031007873
18.58,-0.122537651126301
18.6,-0.118797180350983
18.62,-0.115142779488433
18.64,-0.111682446325542
18.66,-0.108344122600255
18.68,-0.105055745425874
18.7,-0.101745253571412
18.72,-0.0983407113954473
18.74,-0.0947703149152972
18.76,-0.0909624370072658
18.78,-0.0869772172881633
18.8,-0.0828748861290301
18.82,-0.0787156480976927
18.84,-0.0745596831955855
18.86,-0.0704660499408384
18.88,-0.0664936689367296
18.9,-0.0627013250317726
18.92,-0.0590007895932643
18.94,-0.0553038254586374
18.96,-0.0515223210920179
18.98,-0.0476559249841415
19,-0.0437043395742678
19.02,-0.0396673213838341
19.04,-0.0354442379640649
19.06,-0.0310977141798532
19.08,-0.0266903899028521
19.1,-0.0222848804495061
19.12,-0.0179437370743367
19.14,-0.0137294075433705
19.16,-0.00963281589248172
19.18,-0.00564482094479523
19.2,-0.00177167493995821
19.22,0.00198044867308692
19.24,0.00560545905446207
19.26,0.00920807060234962
19.28,0.012892906638645
19.3,0.0167644334478613
19.32,0.0207713076079475
19.34,0.024862191057408
19.36,0.0289857050609799
19.38,0.0330905019081012
19.4,0.0371253365197505
19.42,0.0410390202576819
19.44,0.0447805316255834
19.46,0.0484489482449834
19.48,0.0521432943312062
19.5,0.0559624782293508
19.52,0.0600052300861862
19.54,0.0642102562530974
19.56,0.0685162222197772
19.58,0.0728617521577653
19.6,0.0771855461513882
19.62,0.0814263796021218
19.64,0.085523141806287
19.66,0.0894148352017911
19.68,0.0930892469187912
19.7,0.0965342743167425
19.72,0.099738128615917
19.74,0.102689145923303
19.76,0.105375872911539
19.78,0.107815116342554
19.8,0.110023822336374
19.82,0.112048049323534
19.84,0.113933965143621
19.86,0.11572773934728
19.88,0.117475592486511
19.9,0.119152072200336
19.92,0.120731796763136
19.94,0.122189471038103
19.96,0.123499902360006
19.98,0.12473932233534
20,0.125983970025137
20.02,0.127310004584617
20.04,0.128793418041078
20.06,0.130510065925793
20.08,0.132416938936101
20.1,0.134470911668776
20.12,0.136628848403932
20.14,0.138847591128296
20.16,0.141076731052014
20.18,0.143265942692357
20.2,0.145364976342091
20.22,0.147323650497563
20.24,0.149091961912199
20.26,0.150620038545738
20.28,0.151858249359045
20.3,0.152882701099945
20.32,0.153769558997938
20.34,0.154594998619481
20.36,0.155435118544843
20.38,0.156365970842147
20.4,0.15746347387932
20.42,0.158651150599396
20.44,0.159852543859891
20.46,0.160991264683046
20.48,0.161991040414546
20.5,0.162775723540125
20.52,0.163269418075169
20.54,0.163563213442314
20.56,0.163748233740935
20.58,0.163915580182256
20.6,0.164156273596754
20.62,0.164561197050076
20.64,0.165057058588938
20.66,0.165570582491538
20.68,0.166028555512944
20.7,0.166357873044574
20.72,0.166485624378993
20.74,0.166339060105756
20.76,0.165845677099047
20.78,0.164933264044136
20.8,0.163529946733869
20.82,0.161771747638628
20.84,0.159794776602917
20.86,0.157735144826336
20.88,0.155728918150429
20.9,0.153911952760238
20.92,0.152234925196937
20.94,0.15064847321416
20.96,0.149103226981208
20.98,0.147592119727707
21,0.146108109451078
21.02,0.144644104896963
21.04,0.143105783390493
21.06,0.141398963951723
21.08,0.139592313138162
21.1,0.137754491538125
21.12,0.135954071208445
21.14,0.134259570911909
21.16,0.132739373692064
21.18,0.131338179157044
21.2,0.130000667350233
21.22,0.128671533695477
21.24,0.127295563117757
21.26,0.125817586372031
21.28,0.124182554047863
21.3,0.122364947197788
21.32,0.120339387782009
21.34,0.118080615328631
21.36,0.115563581203985
21.38,0.112763424993616
21.4,0.109756246922523
21.42,0.10661820145048
21.44,0.103352381746068
21.46,0.0999619193181906
21.48,0.0964500212208066
21.5,0.0928514618417268
21.52,0.0892010353398011
21.54,0.0855335336582005
21.56,0.0818128927251549
21.58,0.0780031182550319
21.6,0.0740683084027523
21.62,0.0699726763370802
21.64,0.065680533498334
21.66,0.061214828697478
21.68,0.0565985972625529
21.7,0.0518549071883952
21.72,0.046962643278104
21.74,0.0419007661313495
21.76,0.0366483645714564
21.78,0.0311847079388571
21.8,0.0254891805571748
21.82,0.0195413730737057
21.84,0.0136078346462929
21.86,0.00795483759437719
21.88,0.00255099824421509
21.9,-0.00263523206632337
21.92,-0.00763550768383956
21.94,-0.0124815685486431
21.96,-0.01717062777812
21.98,-0.0217000004109231
22,-0.0260671049996773
22.02,-0.0303441405607701
22.04,-0.034603329648913
22.06,-0.038916833516408
22.08,-0.0433566673963667
22.1,-0.0479947336240968
22.12,-0.0527373059704009
22.14,-0.0574906471837256
22.16,-0.0621611074013494
22.18,-0.0666552224065145
22.2,-0.070879694008767
22.22,-0.0748786021189768
22.24,-0.0786961247629717
22.26,-0.0823765493119998
22.28,-0.0859641659720163
22.3,-0.0895032790390599
22.32,-0.0929741714078211
22.34,-0.0963572280753877
22.36,-0.0996328699817642
22.38,-0.102781605555033
22.4,-0.105815223056364
22.42,-0.108745610800649
22.44,-0.111584671109861
22.46,-0.114344391225172
22.48,-0.117036796433345
22.5,-0.119654606835627
22.52,-0.122190636162913
22.54,-0.124691488789795
22.56,-0.127203783691227
22.58,-0.129774046554982
22.6,-0.132448758942558
22.62,-0.135274250547392
22.64,-0.138296748538375
22.66,-0.141340557762095
22.68,-0.144230146149859
22.7,-0.146790294594058
22.72,-0.149056388767317
22.74,-0.151063964434015
22.76,-0.152848684864417
22.78,-0.154412157322128
22.8,-0.155756127137874
22.82,-0.156882476468878
22.84,-0.157835580881691
22.86,-0.158659880730079
22.88,-0.159399853033067
22.9,-0.16010002257838
22.92,-0.160804855323717
22.94,-0.161558769603124
22.96,-0.162326608612713
22.98,-0.163073242083114
23,-0.16380771125331
23.02,-0.164539055957384
23.04,-0.165276348139028
23.06,-0.166028607651255
23.08,-0.16680487505474
23.1,-0.167528823327324
23.12,-0.168124274391896
23.14,-0.168515168620225
23.16,-0.168712681767558
23.18,-0.168728061228098
23.2,-0.168572658082415
23.22,-0.168257919826897
23.24,-0.16778781353449
23.26,-0.167166361161367
23.28,-0.166433366632868
23.3,-0.165628703520181
23.32,-0.164792211356115
23.34,-0.1639637097374
23.36,-0.163182973205127
23.38,-0.162489745399145
23.4,-0.161841665159719
23.42,-0.161196385388455
23.44,-0.160511599769478
23.46,-0.159745069438008
23.48,-0.158854649579561
23.5,-0.157798315943038
23.52,-0.156612827923962
23.54,-0.155334989521828
23.56,-0.15400162605955
23.58,-0.152649560912833
23.6,-0.151315592264158
23.62,-0.149867665786226
23.64,-0.148173892566079
23.66,-0.146296419637099
23.68,-0.144297447563526
23.7,-0.142239151896851
23.72,-0.140183722387769
23.74,-0.138069583707715
23.76,-0.135835298684869
23.78,-0.133419528512351
23.8,-0.130761149815431
23.82,-0.127799214583962
23.84,-0.124645047868439
23.86,-0.121409984222349
23.88,-0.118205258182678
23.9,-0.115142012584463
23.92,-0.112149834662788
23.94,-0.109158337536133
23.96,-0.106097165397936
23.98,-0.102896116344199
24,-0.0994851473196348
24.02,-0.0959253354926354
24.04,-0.0922777906309933
24.06,-0.0886036164882667
24.08,-0.0849638722327419
24.1,-0.0814195339432998
24.12,-0.0780314561964297
24.14,-0.0748603337685487
24.16,-0.0719666634776916
24.18,-0.0691514600998171
24.2,-0.0662159280333422
24.22,-0.0629615081751228
24.24,-0.05919004226088
24.26,-0.0550459768993197
24.28,-0.0506738487944767
24.3,-0.0462181934037688
24.32,-0.0418234536886184
24.34,-0.0376338890151586
24.36,-0.0337934450421005
24.38,-0.0304457415982506
24.4,-0.0272238048605162
24.42,-0.0237609503415653
24.44,-0.0200982383274859
24.46,-0.0162768140243012
24.48,-0.0123378814961371
24.5,-0.00832271681270265
24.52,-0.00427256347724314
24.54,-8.05498420532492e-05
24.56,0.00436003801403327
24.58,0.00903536123501268
24.6,0.013931446673027
24.62,0.0190341566247853
24.64,0.0243579071717269
24.66,0.0299169603587661
24.68,0.0356330515720028
24.7,0.0414278956942101
24.72,0.0472232757700394
24.74,0.0529410138782436
24.76,0.0585030988896679
24.78,0.0638995866453145
24.8,0.0691206475258527
24.82,0.0741565725423344
24.84,0.0789977793446315
24.86,0.083604853845583
24.88,0.0879385693779469
24.9,0.0919598720510534
24.92,0.0956299836739495
24.94,0.0989103867402081
24.96,0.101983658692215
24.98,0.105032285067025
25,0.10823862281935
25.02,0.111557582206745
25.04,0.114944047690901
25.06,0.118352906446688
25.08,0.121739076840845
25.1,0.125184649808411
25.12,0.12877159629602
25.14,0.132581715631139
25.16,0.1365515474349
25.18,0.140617594261272
25.2,0.144716400942896
25.22,0.148784516169651
25.24,0.152758610984529
25.26,0.156596109292643
25.28,0.160254564018234
25.3,0.163691683773458
25.32,0.166865398622367
25.34,0.169733807978146
25.36,0.172255246106636
25.38,0.174388308195491
25.4,0.176091876232402
25.42,0.177690089435018
25.44,0.179506827838854
25.46,0.181484208462261
25.48,0.183564265844954
25.5,0.185689027946939
25.52,0.187902133295084
25.54,0.190247081573391
25.56,0.192767245519816
25.58,0.195505882891283
25.6,0.198506030828404
25.62,0.201644459436697
25.64,0.204797936121602
25.66,0.20784338183311
25.68,0.210657870175305
25.7,0.213118744081287
25.72,0.215103732200823
25.74,0.216490947266669
25.76,0.2171590411012
25.78,0.217347558231118
25.8,0.217296105262368
25.82,0.217244199545163
25.84,0.217431078827135
25.86,0.217758962002394
25.88,0.218130077194926
25.9,0.218446723476361
25.92,0.218611293256642
25.94,0.218526412254124
25.96,0.218094961516876
25.98,0.217544647125117
26,0.217102982181727
26.02,0.216997221809214
26.04,0.217145203302985
26.06,0.217464686319197
26.08,0.217873404874164
26.1,0.218289119307712
26.12,0.218629668177694
26.14,0.218813020052982
26.16,0.218757325172339
26.18,0.218380966936685
26.2,0.21760261320242
26.22,0.216341267343623
26.24,0.214516319051116
26.26,0.212047594836586
26.28,0.209016250601982
26.3,0.205503715906456
26.32,0.20159164228187
26.34,0.197361890680381
26.36,0.19285467075755
26.38,0.188110366162487
26.4,0.183169430426746
26.42,0.178072400574569
26.44,0.172837476663299
26.46,0.167482927520447
26.48,0.162027079140797
26.5,0.156488303059081
26.52,0.150885004705581
26.54,0.14523561175204
26.56,0.139530794492934
26.58,0.133761267588701
26.6,0.127917795883349
26.62,0.121991200184525
26.64,0.11597236300245
26.66,0.10991894795017
26.68,0.103888621750652
26.7,0.0979389786062219
26.72,0.0921275039100622
26.74,0.0865115380628688
26.76,0.0810445027616376
26.78,0.0756797724800422
26.8,0.0703707039523201
26.82,0.0650706656387324
26.84,0.0597330671540133
26.86,0.0543442160194276
26.88,0.0488904266519311
26.9,0.0433581074380327
26.92,0.0377337299999813
26.94,0.0320037984529095
26.96,0.0262247876621056
26.98,0.0204531467322135
27,0.0147452633946899
27.02,0.00915742846979233
27.04,0.00365869217084337
27.06,-0.00178188122135032
27.08,-0.00719523306204449
27.1,-0.012612330022747
27.12,-0.0180640660747925
27.14,-0.0235813214984459
27.16,-0.0291345049404688
27.18,-0.0346940320984508
27.2,-0.0402303836116848
27.22,-0.0457680515254727
27.24,-0.0513315416645899
27.26,-0.0569453189277121
27.28,-0.0625846880851944
27.3,-0.0682249625641536
27.32,-0.0738414800253244
27.34,-0.079459702213848
27.36,-0.0851050249942437
27.38,-0.0908028016035342
27.4,-0.096578365907919
27.42,-0.10245693798745
27.44,-0.108400542108528
27.46,-0.114371199638587
27.48,-0.120330913806054
27.5,-0.126241772147923
27.52,-0.132065931140313
27.54,-0.137765640021225
27.56,-0.143367703460261
27.58,-0.148898921620498
27.6,-0.154386151683638
27.62,-0.159850368573635
27.64,-0.165312540667818
27.66,-0.17079361656535
27.68,-0.176314511881468
27.7,-0.18189609607582
27.72,-0.187499956691709
27.74,-0.193087666585229
27.76,-0.198620886641086
27.78,-0.20406135066877
27.8,-0.209370889488161
27.82,-0.214490628957953
27.84,-0.219361873921262
27.86,-0.223926145082226
27.88,-0.228234169663041
27.9,-0.23233678569299
27.92,-0.236284909801161
27.94,-0.24012946577161
27.96,-0.243921430826661
27.98,-0.247621871274197
28,-0.25119191110547
28.02,-0.254592834921586
28.04,-0.257786033774031
28.06,-0.26073310787355
28.08,-0.263395851402918
28.1,-0.265736237222509
28.12,-0.26781072626562
28.14,-0.269675890603905
28.16,-0.271388377619643
28.18,-0.273004874166457
28.2,-0.27458207074113
28.22,-0.276064887095055
28.24,-0.277398357910269
28.26,-0.278527667385626
28.28,-0.279398183693826
28.3,-0.279955493287667
28.32,-0.28023105291778
28.34,-0.280256465606181
28.36,-0.280063460547127
28.38,-0.279683872948515
28.4,-0.279125621011736
28.42,-0.278396727779399
28.44,-0.277505315964748
28.46,-0.276459602723334
28.48,-0.275279582015476
28.5,-0.273985312504786
28.52,-0.272550389570492
28.54,-0.270948484702782
28.56,-0.269153401268776
28.58,-0.267203608288969
28.6,-0.265137594583631
28.62,-0.262993922894062
28.64,-0.260811127021639
28.66,-0.258627765969645
28.68,-0.256389486717297
28.7,-0.254042064750176
28.72,-0.251531359724485
28.74,-0.248803428003873
28.76,-0.245804478077835
28.78,-0.242480982810025
28.8,-0.238866076035467
28.82,-0.234993081495412
28.84,-0.230895452387701
28.86,-0.226606750116442
28.88,-0.22216062299471
28.9,-0.217590745693502
28.92,-0.212930876395746
28.94,-0.208179850904712
28.96,-0.203336524523482
28.98,-0.198399811978333
29,-0.193368727264488
29.02,-0.188269014742885
29.04,-0.183126436233708
29.06,-0.177966754734443
29.08,-0.172815718153557
29.1,-0.167699043070038
29.12,-0.162590823853303
29.14,-0.157465175564361
29.16,-0.152296250277148
29.18,-0.146902431164881
29.2,-0.141396656457638
29.22,-0.135782789192057
29.24,-0.130064717545758
29.26,-0.124246391577621
29.28,-0.118331859892068
29.3,-0.112325188543444
29.32,-0.106230497671711
29.34,-0.100051998067193
29.36,-0.0937939099804905
29.38,-0.0874604996688548
29.4,-0.0810561158768026
29.42,-0.0745851085671345
29.44,-0.0680518653937025
29.46,-0.061460848113734
29.48,-0.0548165112559273
29.5,-0.048123377755976
29.52,-0.0413859575917633
29.54,-0.0346087841693509
29.56,-0.027796450657615
29.58,-0.0209535285877864
29.6,-0.0140846042092988
29.62,-0.00719431479981576
29.64,-0.000287267245699084
29.66,0.00663192561566766
29.68,0.0135586086938293
29.7,0.0204881660672192
29.72,0.0274159846377197
29.74,0.0343374178199609
29.76,0.041247866949103
29.78,0.0481427449157082
29.8,0.0550174398298582
29.82,0.0618673963982828
29.84,0.0686880795231328
29.86,0.0754749379245784
29.88,0.0822234854710329
29.9,0.0889292647256684
29.92,0.0955878105114437
29.94,0.102194731178486
29.96,0.108745672082538
29.98,0.115236279076736
30,0.121662279700622
30.02,0.128019446575135
30.04,0.134303560805938
30.06,0.140510493079003
30.08,0.14663616695731
30.1,0.152676522181033
30.12,0.15862759565525
30.14,0.164485484634079
30.16,0.170246309903699
30.18,0.175906296648373
30.2,0.181461737508438
30.22,0.186908955632841
30.24,0.192244385410382
30.26,0.197464535388764
30.28,0.20256595118407
30.3,0.207545296064975
30.32,0.21239931372084
30.34,0.217124791016457
30.36,0.2217186384178
30.38,0.226177852598092
30.4,0.230499479027004
30.42,0.234680692227505
30.44,0.238718758209726
30.46,0.242610996884825
30.48,0.246354862143434
30.5,0.249947904108205
30.52,0.253387731363529
30.54,0.256672090847153
30.56,0.259798829913323
30.58,0.26276585837064
30.6,0.265571228179496
30.62,0.268213095318823
30.64,0.270689681625488
30.66,0.27299935429131
30.68,0.275140548307291
30.7,0.277111845824105
30.72,0.278911937679096
30.74,0.280539584893298
30.76,0.281993697823703
30.78,0.283273297480855
30.8,0.284377476815451
30.82,0.285305479659278
30.84,0.286056661830723
30.86,0.286630452208656
30.88,0.287026431460158
30.9,0.287244292932465
30.92,0.287283803513054
30.94,0.287144882143498
30.96,0.286827560497572
30.98,0.286331943627693
31,0.285658288265439
31.02,0.284806963286769
31.04,0.283778410146174
31.06,0.282573220965607
31.08,0.281192098788984
31.1,0.279635817806583
31.12,0.277905301235349
31.14,0.276001581366009
31.16,0.273925759581463
31.18,0.271679084032587
